asd,20.531
asd,20.534
asd,20.537
asd,20.54
asd,20.543
asd,20.545
asd,20.548
asd,20.55
asd,20.553
asd,20.556
asd,20.558
asd,20.561
asd,20.564
asd,20.566
asd,20.569
asd,20.572
asd,20.574
asd,20.577
asd,20.58
asd,20.582
asd,20.585
asd,20.587
asd,20.59
asd,20.592
asd,20.595
asd,20.598
asd,20.601
asd,20.603
asd,20.606
asd,20.608
asd,20.611
asd,20.613
asd,20.616
asd,20.619
asd,20.621
asd,20.624
asd,20.626
asd,20.629
asd,20.632
asd,20.634
asd,20.637
asd,20.639
asd,20.642
asd,20.645
asd,20.647
asd,20.65
asd,20.652
asd,20.655
asd,20.657
asd,20.66
asd,20.662
asd,20.665
asd,20.667
asd,20.67
asd,20.672
asd,20.675
asd,20.678
asd,20.68
asd,20.683
asd,20.685
asd,20.688
asd,20.691
asd,20.693
asd,20.696
asd,20.699
asd,20.701
asd,20.704
asd,20.706
asd,20.709
asd,20.712
asd,20.714
asd,20.717
asd,20.719
asd,20.722
asd,20.725
asd,20.728
asd,20.73
asd,20.733
asd,20.735
asd,20.738
asd,20.741
asd,20.743
asd,20.746
asd,20.748
asd,20.751
asd,20.754
asd,20.756
asd,20.759
asd,20.761
asd,20.764
asd,20.767
asd,20.769
asd,20.772
asd,20.774
asd,20.777
asd,20.78
asd,20.782
asd,20.785
asd,20.787
asd,20.79
asd,20.793
asd,20.796
asd,20.798
asd,20.801
asd,20.803
asd,20.806
asd,20.808
asd,20.811
asd,20.813
asd,20.816
asd,20.819
asd,20.821
asd,20.824
asd,20.826
asd,20.829
asd,20.832
asd,20.834
asd,20.837
asd,20.84
asd,20.842
asd,20.845
asd,20.847
asd,20.85
asd,20.852
asd,20.855
asd,20.858
asd,20.861
asd,20.863
asd,20.866
asd,20.868
asd,20.871
asd,20.874
asd,20.876
asd,20.879
asd,20.881
asd,20.884
asd,20.887
asd,20.889
asd,20.892
asd,20.894
asd,20.897
asd,20.9
asd,20.902
asd,20.905
asd,20.907
asd,20.91
asd,20.912
asd,20.915
asd,20.917
asd,20.92
asd,20.923
asd,20.926
asd,20.928
asd,20.931
asd,20.933
asd,20.936
asd,20.939
asd,20.942
asd,20.944
asd,20.947
asd,20.949
asd,20.952
asd,20.955
asd,20.957
asd,20.96
asd,20.963
asd,20.965
asd,20.968
asd,20.97
asd,20.973
asd,20.976
asd,20.978
asd,20.981
asd,20.983
asd,20.986
asd,20.988
asd,20.991
asd,20.994
asd,20.996
asd,20.999
asd,21.001
asd,21.004
asd,21.007
asd,21.01
asd,21.012
asd,21.015
asd,21.018
asd,21.02
asd,21.023
asd,21.025
asd,21.028
asd,21.031
asd,21.033
asd,21.036
asd,21.039
asd,21.041
asd,21.044
asd,21.046
asd,21.049
asd,21.051
asd,21.054
asd,21.056
asd,21.059
asd,21.062
asd,21.064
asd,21.067
asd,21.069
asd,21.072
asd,21.075
asd,21.077
asd,21.08
asd,21.083
asd,21.085
asd,21.088
asd,21.09
asd,21.093
asd,21.096
asd,21.099
asd,21.101
asd,21.104
asd,21.106
asd,21.109
asd,21.112
asd,21.115
asd,21.117
asd,21.12
asd,21.122
asd,21.126
asd,21.129
asd,21.131
asd,21.134
asd,21.137
asd,21.14
asd,21.142
asd,21.145
asd,21.148
asd,21.151
asd,21.155
asd,21.159
asd,21.163
asd,21.167
asd,21.171
asd,21.175
asd,21.18
asd,21.183
asd,21.187
asd,21.19
asd,21.194
asd,21.197
asd,21.201
asd,21.204
asd,21.208
asd,21.212
asd,21.216
asd,21.22
asd,21.222
asd,21.225
asd,21.228
asd,21.23
asd,21.233
asd,21.236
asd,21.239
asd,21.241
asd,21.244
asd,21.246
asd,21.249
asd,21.251
asd,21.254
asd,21.257
asd,21.26
asd,21.263
asd,21.265
asd,21.268
asd,21.27
asd,21.273
asd,21.275
asd,21.278
asd,21.281
asd,21.283
asd,21.286
asd,21.289
asd,21.291
asd,21.294
asd,21.296
asd,21.299
asd,21.301
asd,21.304
asd,21.306
asd,21.309
asd,21.311
asd,21.314
asd,21.316
asd,21.319
asd,21.321
asd,21.324
asd,21.327
asd,21.329
asd,21.332
asd,21.334
asd,21.337
asd,21.339
asd,21.342
asd,21.344
asd,21.347
asd,21.349
asd,21.352
asd,21.355
asd,21.357
asd,21.36
asd,21.362
asd,21.366
asd,21.368
asd,21.371
asd,21.373
asd,21.376
asd,21.379
asd,21.381
asd,21.384
asd,21.386
asd,21.389
asd,21.392
asd,21.394
asd,21.397
asd,21.399
asd,21.402
asd,21.404
asd,21.407
asd,21.409
asd,21.412
asd,21.414
asd,21.417
asd,21.42
asd,21.422
asd,21.425
asd,21.427
asd,21.43
asd,21.432
asd,21.435
asd,21.438
asd,21.44
asd,21.443
asd,21.445
asd,21.448
asd,21.45
asd,21.453
asd,21.455
asd,21.458
asd,21.461
asd,21.464
asd,21.466
asd,21.469
asd,21.472
asd,21.474
asd,21.476
asd,21.479
asd,21.481
asd,21.484
asd,21.486
asd,21.488
asd,21.491
asd,21.493
asd,21.496
asd,21.498
asd,21.5
asd,21.503
asd,21.505
asd,21.507
asd,21.51
asd,21.512
asd,21.515
asd,21.517
asd,21.52
asd,21.522
asd,21.524
asd,21.527
asd,21.529
asd,21.532
asd,21.534
asd,21.536
asd,21.539
asd,21.542
asd,21.544
asd,21.547
asd,21.55
asd,21.552
asd,21.555
asd,21.558
asd,21.56
asd,21.563
asd,21.565
asd,21.567
asd,21.57
asd,21.572
asd,21.574
asd,21.577
asd,21.579
asd,21.581
asd,21.584
asd,21.586
asd,21.588
asd,21.591
asd,21.593
asd,21.596
asd,21.598
asd,21.6
asd,21.603
asd,21.605
asd,21.607
asd,21.61
asd,21.612
asd,21.614
asd,21.617
asd,21.619
asd,21.621
asd,21.624
asd,21.626
asd,21.628
asd,21.631
asd,21.633
asd,21.636
asd,21.638
asd,21.64
asd,21.643
asd,21.645
asd,21.647
asd,21.65
asd,21.652
asd,21.655
asd,21.657
asd,21.659
asd,21.662
asd,21.664
asd,21.667
asd,21.669
asd,21.672
asd,21.674
asd,21.677
asd,21.679
asd,21.681
asd,21.684
asd,21.686
asd,21.688
asd,21.691
asd,21.693
asd,21.695
asd,21.698
asd,21.7
asd,21.703
asd,21.705
asd,21.707
asd,21.709
asd,21.712
asd,21.714
asd,21.716
asd,21.719
asd,21.721
asd,21.723
asd,21.726
asd,21.728
asd,21.73
asd,21.733
asd,21.735
asd,21.737
asd,21.74
asd,21.742
asd,21.744
asd,21.747
asd,21.749
asd,21.751
asd,21.753
asd,21.756
asd,21.758
asd,21.76
asd,21.763
asd,21.765
asd,21.767
asd,21.77
asd,21.772
asd,21.774
asd,21.777
asd,21.779
asd,21.781
asd,21.783
asd,21.786
asd,21.788
asd,21.79
asd,21.793
asd,21.795
asd,21.797
asd,21.799
asd,21.802
asd,21.804
asd,21.807
asd,21.809
asd,21.811
asd,21.814
asd,21.816
asd,21.818
asd,21.821
asd,21.823
asd,21.825
asd,21.828
asd,21.83
asd,21.832
asd,21.835
asd,21.837
asd,21.839
asd,21.842
asd,21.844
asd,21.846
asd,21.849
asd,21.851
asd,21.853
asd,21.856
asd,21.858
asd,21.861
asd,21.863
asd,21.865
asd,21.867
asd,21.87
asd,21.872
asd,21.875
asd,21.877
asd,21.879
asd,21.882
asd,21.884
asd,21.886
asd,21.889
asd,21.891
asd,21.893
asd,21.896
asd,21.898
asd,21.9
asd,21.903
asd,21.905
asd,21.907
asd,21.909
asd,21.912
asd,21.914
asd,21.916
asd,21.919
asd,21.921
asd,21.924
asd,21.926
asd,21.928
asd,21.931
asd,21.933
asd,21.935
asd,21.937
asd,21.94
asd,21.942
asd,21.944
asd,21.947
asd,21.949
asd,21.951
asd,21.954
asd,21.956
asd,21.958
asd,21.961
asd,21.963
asd,21.965
asd,21.968
asd,21.97
asd,21.973
asd,21.975
asd,21.977
asd,21.98
asd,21.982
asd,21.985
asd,21.987
asd,21.99
asd,21.992
asd,21.994
asd,21.997
asd,21.999
asd,22.002
asd,22.004
asd,22.007
asd,22.009
asd,22.011
asd,22.014
asd,22.016
asd,22.018
asd,22.021
asd,22.023
asd,22.025
asd,22.028
asd,22.03
asd,22.032
asd,22.035
asd,22.037
asd,22.039
asd,22.042
asd,22.044
asd,22.046
asd,22.049
asd,22.051
asd,22.053
asd,22.056
asd,22.058
asd,22.06
asd,22.063
asd,22.065
asd,22.067
asd,22.07
asd,22.072
asd,22.074
asd,22.077
asd,22.079
asd,22.081
asd,22.084
asd,22.086
asd,22.088
asd,22.091
asd,22.093
asd,22.095
asd,22.098
asd,22.1
asd,22.103
asd,22.105
asd,22.107
asd,22.11
asd,22.112
asd,22.115
asd,22.117
asd,22.12
asd,22.122
asd,22.125
asd,22.127
asd,22.129
asd,22.132
asd,22.134
asd,22.137
asd,22.139
asd,22.141
asd,22.143
asd,22.146
asd,22.148
asd,22.15
asd,22.153
asd,22.155
asd,22.157
asd,22.16
asd,22.162
asd,22.165
asd,22.167
asd,22.169
asd,22.172
asd,22.174
asd,22.176
asd,22.179
asd,22.181
asd,22.183
asd,22.186
asd,22.188
asd,22.19
asd,22.193
asd,22.195
asd,22.197
asd,22.2
asd,22.202
asd,22.204
asd,22.207
asd,22.209
asd,22.212
asd,22.214
asd,22.217
asd,22.219
asd,22.222
asd,22.225
asd,22.227
asd,22.23
asd,22.233
asd,22.235
asd,22.238
asd,22.241
asd,22.243
asd,22.246
asd,22.248
asd,22.251
asd,22.253
asd,22.256
asd,22.259
asd,22.261
asd,22.264
asd,22.266
asd,22.269
asd,22.272
asd,22.274
asd,22.277
asd,22.279
asd,22.281
asd,22.284
asd,22.286
asd,22.288
asd,22.291
asd,22.293
asd,22.295
asd,22.298
asd,22.3
asd,22.302
asd,22.305
asd,22.307
asd,22.31
asd,22.312
asd,22.315
asd,22.317
asd,22.32
asd,22.322
asd,22.324
asd,22.326
asd,22.329
asd,22.331
asd,22.333
asd,22.335
asd,22.338
asd,22.34
asd,22.342
asd,22.345
asd,22.347
asd,22.349
asd,22.352
asd,22.354
asd,22.356
asd,22.359
asd,22.361
asd,22.363
asd,22.366
asd,22.368
asd,22.371
asd,22.373
asd,22.375
asd,22.378
asd,22.38
asd,22.382
asd,22.385
asd,22.387
asd,22.389
asd,22.391
asd,22.394
asd,22.396
asd,22.398
asd,22.401
asd,22.403
asd,22.405
asd,22.408
asd,22.41
asd,22.412
asd,22.415
asd,22.417
asd,22.419
asd,22.422
asd,22.424
asd,22.426
asd,22.429
asd,22.431
asd,22.434
asd,22.436
asd,22.438
asd,22.441
asd,22.443
asd,22.445
asd,22.448
asd,22.45
asd,22.452
asd,22.455
asd,22.457
asd,22.46
asd,22.462
asd,22.465
asd,22.467
asd,22.47
asd,22.472
asd,22.475
asd,22.478
asd,22.48
asd,22.483
asd,22.485
asd,22.488
asd,22.49
asd,22.493
asd,22.496
asd,22.499
asd,22.501
asd,22.504
asd,22.506
asd,22.509
asd,22.512
asd,22.514
asd,22.517
asd,22.519
asd,22.522
asd,22.525
asd,22.528
asd,22.53
asd,22.533
asd,22.535
asd,22.538
asd,22.541
asd,22.543
asd,22.546
asd,22.548
asd,22.551
asd,22.554
asd,22.557
asd,22.559
asd,22.562
asd,22.565
asd,22.567
asd,22.57
asd,22.572
asd,22.575
asd,22.577
asd,22.58
asd,22.583
asd,22.585
asd,22.588
asd,22.59
asd,22.593
asd,22.596
asd,22.598
asd,22.601
asd,22.603
asd,22.606
asd,22.608
asd,22.611
asd,22.613
asd,22.616
asd,22.619
asd,22.622
asd,22.624
asd,22.627
asd,22.629
asd,22.632
asd,22.634
asd,22.637
asd,22.64
asd,22.642
asd,22.645
asd,22.647
asd,22.65
asd,22.652
asd,22.655
asd,22.658
asd,22.66
asd,22.663
asd,22.666
asd,22.668
asd,22.671
asd,22.674
asd,22.676
asd,22.679
asd,22.681
asd,22.684
asd,22.687
asd,22.689
asd,22.692
asd,22.694
asd,22.697
asd,22.699
asd,22.702
asd,22.705
asd,22.707
asd,22.71
asd,22.713
asd,22.715
asd,22.718
asd,22.72
asd,22.723
asd,22.725
asd,22.728
asd,22.731
asd,22.733
asd,22.736
asd,22.739
asd,22.741
asd,22.744
asd,22.746
asd,22.749
asd,22.751
asd,22.754
asd,22.756
asd,22.759
asd,22.761
asd,22.764
asd,22.766
asd,22.769
asd,22.771
asd,22.774
asd,22.777
asd,22.779
asd,22.782
asd,22.784
asd,22.787
asd,22.79
asd,22.792
asd,22.795
asd,22.797
asd,22.8
asd,22.802
asd,22.805
asd,22.808
asd,22.81
asd,22.813
asd,22.815
asd,22.818
asd,22.82
asd,22.823
asd,22.825
asd,22.828
asd,22.831
asd,22.833
asd,22.836
asd,22.839
asd,22.841
asd,22.844
asd,22.846
asd,22.849
asd,22.852
asd,22.854
asd,22.857
asd,22.859
asd,22.862
asd,22.865
asd,22.867
asd,22.87
asd,22.872
asd,22.875
asd,22.878
asd,22.881
asd,22.883
asd,22.886
asd,22.888
asd,22.891
asd,22.893
asd,22.896
asd,22.899
asd,22.901
asd,22.904
asd,22.906
asd,22.909
asd,22.912
asd,22.914
asd,22.917
asd,22.919
asd,22.922
asd,22.925
asd,22.927
asd,22.93
asd,22.933
asd,22.935
asd,22.938
asd,22.94
asd,22.943
asd,22.945
asd,22.948
asd,22.951
asd,22.953
asd,22.956
asd,22.958
asd,22.961
asd,22.963
asd,22.966
asd,22.968
asd,22.971
asd,22.973
asd,22.976
asd,22.979
asd,22.981
asd,22.984
asd,22.986
asd,22.989
asd,22.992
asd,22.994
asd,22.997
asd,22.999
asd,23.002
asd,23.004
asd,23.007
asd,23.009
asd,23.012
asd,23.015
asd,23.017
asd,23.02
asd,23.023
asd,23.025
asd,23.028
asd,23.031
asd,23.033
asd,23.036
asd,23.038
asd,23.041
asd,23.043
asd,23.046
asd,23.049
asd,23.051
asd,23.054
asd,23.056
asd,23.059
asd,23.062
asd,23.064
asd,23.067
asd,23.069
asd,23.072
asd,23.075
asd,23.077
asd,23.08
asd,23.082
asd,23.085
asd,23.088
asd,23.09
asd,23.093
asd,23.095
asd,23.098
asd,23.101
asd,23.103
asd,23.106
asd,23.108
asd,23.111
asd,23.114
asd,23.117
asd,23.119
asd,23.122
asd,23.124
asd,23.127
asd,23.129
asd,23.132
asd,23.134
asd,23.137
asd,23.14
asd,23.142
asd,23.145
asd,23.147
asd,23.15
asd,23.153
asd,23.155
asd,23.158
asd,23.16
asd,23.163
asd,23.165
asd,23.168
asd,23.17
asd,23.173
asd,23.176
asd,23.179
asd,23.181
asd,23.184
asd,23.186
asd,23.189
asd,23.192
asd,23.194
asd,23.197
asd,23.199
asd,23.202
asd,23.205
asd,23.207
asd,23.21
asd,23.212
asd,23.215
asd,23.218
asd,23.22
asd,23.223
asd,23.225
asd,23.228
asd,23.23
asd,23.233
asd,23.235
asd,23.238
asd,23.241
asd,23.243
asd,23.246
asd,23.249
asd,23.251
asd,23.254
asd,23.256
asd,23.259
asd,23.261
asd,23.264
asd,23.266
asd,23.269
asd,23.272
asd,23.274
asd,23.277
asd,23.279
asd,23.282
asd,23.284
asd,23.287
asd,23.289
asd,23.292
asd,23.294
asd,23.297
asd,23.3
asd,23.302
asd,23.305
asd,23.307
asd,23.31
asd,23.312
asd,23.315
asd,23.317
asd,23.32
asd,23.323
asd,23.325
asd,23.328
asd,23.331
asd,23.333
asd,23.336
asd,23.339
asd,23.341
asd,23.344
asd,23.346
asd,23.349
asd,23.351
asd,23.354
asd,23.357
asd,23.359
asd,23.362
asd,23.364
asd,23.367
asd,23.37
asd,23.372
asd,23.375
asd,23.377
asd,23.38
asd,23.383
asd,23.385
asd,23.388
asd,23.39
asd,23.393
asd,23.395
asd,23.398
asd,23.4
asd,23.403
asd,23.406
asd,23.408
asd,23.411
asd,23.413
asd,23.416
asd,23.419
asd,23.421
asd,23.424
asd,23.426
asd,23.429
asd,23.432
asd,23.434
asd,23.437
asd,23.439
asd,23.442
asd,23.445
asd,23.447
asd,23.45
asd,23.452
asd,23.455
asd,23.458
asd,23.46
asd,23.463
asd,23.465
asd,23.468
asd,23.47
asd,23.473
asd,23.476
asd,23.478
asd,23.481
asd,23.483
asd,23.486
asd,23.488
asd,23.491
asd,23.494
asd,23.496
asd,23.498
asd,23.501
asd,23.504
asd,23.506
asd,23.509
asd,23.512
asd,23.514
asd,23.517
asd,23.52
asd,23.523
asd,23.526
asd,23.528
asd,23.531
asd,23.533
asd,23.536
asd,23.539
asd,23.541
asd,23.544
asd,23.546
asd,23.549
asd,23.552
asd,23.555
asd,23.557
asd,23.56
asd,23.563
asd,23.565
asd,23.568
asd,23.57
asd,23.573
asd,23.576
asd,23.578
asd,23.581
asd,23.584
asd,23.586
asd,23.589
asd,23.592
asd,23.594
asd,23.597
asd,23.599
asd,23.602
asd,23.605
asd,23.607
asd,23.61
asd,23.612
asd,23.615
asd,23.617
asd,23.62
asd,23.622
asd,23.625
asd,23.628
asd,23.631
asd,23.633
asd,23.636
asd,23.638
asd,23.641
asd,23.643
asd,23.646
asd,23.648
asd,23.651
asd,23.653
asd,23.656
asd,23.659
asd,23.661
asd,23.664
asd,23.666
asd,23.669
asd,23.672
asd,23.675
asd,23.677
asd,23.68
asd,23.682
asd,23.685
asd,23.688
asd,23.69
asd,23.693
asd,23.695
asd,23.698
asd,23.701
asd,23.703
asd,23.706
asd,23.708
asd,23.711
asd,23.713
asd,23.716
asd,23.719
asd,23.721
asd,23.724
asd,23.726
asd,23.729
asd,23.731
asd,23.734
asd,23.737
asd,23.739
asd,23.742
asd,23.744
asd,23.747
asd,23.75
asd,23.752
asd,23.755
asd,23.758
asd,23.76
asd,23.763
asd,23.765
asd,23.768
asd,23.771
asd,23.773
asd,23.776
asd,23.779
asd,23.781
asd,23.784
asd,23.787
asd,23.789
asd,23.792
asd,23.794
asd,23.797
asd,23.8
asd,23.802
asd,23.805
asd,23.808
asd,23.81
asd,23.813
asd,23.816
asd,23.818
asd,23.821
asd,23.824
asd,23.826
asd,23.829
asd,23.832
asd,23.834
asd,23.837
asd,23.839
asd,23.842
asd,23.845
asd,23.848
asd,23.85
asd,23.853
asd,23.855
asd,23.858
asd,23.861
asd,23.864
asd,23.866
asd,23.869
asd,23.872
asd,23.874
asd,23.877
asd,23.88
asd,23.883
asd,23.885
asd,23.888
asd,23.89
asd,23.893
asd,23.896
asd,23.899
asd,23.901
asd,23.904
asd,23.906
asd,23.909
asd,23.912
asd,23.914
asd,23.917
asd,23.919
asd,23.922
asd,23.925
asd,23.927
asd,23.93
asd,23.933
asd,23.935
asd,23.938
asd,23.941
asd,23.943
asd,23.946
asd,23.949
asd,23.952
asd,23.954
asd,23.957
asd,23.959
asd,23.962
asd,23.965
asd,23.967
asd,23.97
asd,23.972
asd,23.975
asd,23.978
asd,23.98
asd,23.983
asd,23.985
asd,23.988
asd,23.991
asd,23.993
asd,23.996
asd,23.998
asd,24.001
asd,24.004
asd,24.006
asd,24.009
asd,24.011
asd,24.014
asd,24.016
asd,24.019
asd,24.021
asd,24.024
asd,24.026
asd,24.029
asd,24.032
asd,24.035
asd,24.037
asd,24.04
asd,24.043
asd,24.045
asd,24.048
asd,24.05
asd,24.053
asd,24.055
asd,24.058
asd,24.061
asd,24.064
asd,24.066
asd,24.069
asd,24.072
asd,24.074
asd,24.077
asd,24.079
asd,24.082
asd,24.085
asd,24.087
asd,24.09
asd,24.092
asd,24.095
asd,24.097
asd,24.1
asd,24.102
asd,24.105
asd,24.107
asd,24.11
asd,24.112
asd,24.114
asd,24.117
asd,24.119
asd,24.122
asd,24.124
asd,24.126
asd,24.129
asd,24.131
asd,24.133
asd,24.136
asd,24.138
asd,24.14
asd,24.143
asd,24.145
asd,24.147
asd,24.15
asd,24.152
asd,24.154
asd,24.157
asd,24.159
asd,24.161
asd,24.164
asd,24.166
asd,24.168
asd,24.171
asd,24.173
asd,24.175
asd,24.178
asd,24.18
asd,24.183
asd,24.185
asd,24.187
asd,24.19
asd,24.192
asd,24.194
asd,24.197
asd,24.199
asd,24.201
asd,24.204
asd,24.206
asd,24.208
asd,24.21
asd,24.213
asd,24.215
asd,24.217
asd,24.22
asd,24.222
asd,24.224
asd,24.227
asd,24.229
asd,24.231
asd,24.234
asd,24.236
asd,24.238
asd,24.241
asd,24.243
asd,24.245
asd,24.248
asd,24.25
asd,24.252
asd,24.254
asd,24.257
asd,24.259
asd,24.261
asd,24.264
asd,24.266
asd,24.268
asd,24.271
asd,24.273
asd,24.275
asd,24.278
asd,24.281
asd,24.283
asd,24.286
asd,24.288
asd,24.291
asd,24.294
asd,24.297
asd,24.299
asd,24.302
asd,24.304
asd,24.307
asd,24.31
asd,24.312
asd,24.315
asd,24.318
asd,24.32
asd,24.323
asd,24.326
asd,24.328
asd,24.331
asd,24.333
asd,24.336
asd,24.339
asd,24.341
asd,24.344
asd,24.346
asd,24.349
asd,24.352
asd,24.354
asd,24.357
asd,24.359
asd,24.362
asd,24.365
asd,24.367
asd,24.37
asd,24.373
asd,24.376
asd,24.379
asd,24.381
asd,24.384
asd,24.387
asd,24.39
asd,24.392
asd,24.395
asd,24.397
asd,24.4
asd,24.403
asd,24.405
asd,24.408
asd,24.41
asd,24.413
asd,24.415
asd,24.418
asd,24.421
asd,24.423
asd,24.426
asd,24.428
asd,24.431
asd,24.434
asd,24.436
asd,24.439
asd,24.441
asd,24.444
asd,24.447
asd,24.449
asd,24.452
asd,24.454
asd,24.457
asd,24.46
asd,24.462
asd,24.465
asd,24.467
asd,24.47
asd,24.472
asd,24.475
asd,24.478
asd,24.48
asd,24.483
asd,24.485
asd,24.488
asd,24.49
asd,24.493
asd,24.496
asd,24.498
asd,24.501
asd,24.503
asd,24.506
asd,24.508
asd,24.511
asd,24.514
asd,24.516
asd,24.519
asd,24.521
asd,24.524
asd,24.526
asd,24.529
asd,24.531
asd,24.534
asd,24.536
asd,24.539
asd,24.542
asd,24.544
asd,24.547
asd,24.55
asd,24.552
asd,24.555
asd,24.557
asd,24.56
asd,24.562
asd,24.565
asd,24.568
asd,24.57
asd,24.573
asd,24.575
asd,24.578
asd,24.581
asd,24.583
asd,24.586
asd,24.588
asd,24.591
asd,24.594
asd,24.596
asd,24.599
asd,24.601
asd,24.604
asd,24.607
asd,24.609
asd,24.612
asd,24.614
asd,24.617
asd,24.619
asd,24.622
asd,24.625
asd,24.627
asd,24.63
asd,24.633
asd,24.635
asd,24.638
asd,24.641
asd,24.644
asd,24.646
asd,24.649
asd,24.651
asd,24.654
asd,24.657
asd,24.659
asd,24.662
asd,24.664
asd,24.667
asd,24.669
asd,24.672
asd,24.674
asd,24.677
asd,24.679
asd,24.682
asd,24.685
asd,24.687
asd,24.69
asd,24.692
asd,24.695
asd,24.698
asd,24.7
asd,24.703
asd,24.705
asd,24.708
asd,24.711
asd,24.713
asd,24.716
asd,24.719
asd,24.721
asd,24.724
asd,24.726
asd,24.729
asd,24.731
asd,24.734
asd,24.737
asd,24.739
asd,24.742
asd,24.745
asd,24.747
asd,24.75
asd,24.752
asd,24.755
asd,24.757
asd,24.76
asd,24.763
asd,24.766
asd,24.768
asd,24.771
asd,24.773
asd,24.776
asd,24.779
asd,24.781
asd,24.784
asd,24.786
asd,24.789
asd,24.792
asd,24.794
asd,24.797
asd,24.799
asd,24.802
asd,24.805
asd,24.807
asd,24.81
asd,24.812
asd,24.815
asd,24.818
asd,24.821
asd,24.823
asd,24.826
asd,24.828
asd,24.831
asd,24.834
asd,24.836
asd,24.839
asd,24.841
asd,24.844
asd,24.846
asd,24.849
asd,24.851
asd,24.854
asd,24.856
asd,24.859
asd,24.861
asd,24.864
asd,24.866
asd,24.869
asd,24.872
asd,24.875
asd,24.877
asd,24.88
asd,24.883
asd,24.886
asd,24.888
asd,24.891
asd,24.893
asd,24.896
asd,24.899
asd,24.901
asd,24.904
asd,24.906
asd,24.91
asd,24.913
asd,24.916
asd,24.918
asd,24.921
asd,24.924
asd,24.926
asd,24.929
asd,24.931
asd,24.934
asd,24.937
asd,24.939
asd,24.942
asd,24.944
asd,24.947
asd,24.95
asd,24.952
asd,24.955
asd,24.957
asd,24.96
asd,24.962
asd,24.965
asd,24.967
asd,24.97
asd,24.973
asd,24.975
asd,24.978
asd,24.981
asd,24.984
asd,24.986
asd,24.989
asd,24.992
asd,24.994
asd,24.997
asd,24.999
asd,25.002
asd,25.005
asd,25.007
asd,25.01
asd,25.012
asd,25.015
asd,25.018
asd,25.02
asd,25.023
asd,25.025
asd,25.028
asd,25.03
asd,25.033
asd,25.036
asd,25.038
asd,25.041
asd,25.043
asd,25.046
asd,25.048
asd,25.051
asd,25.054
asd,25.056
asd,25.059
asd,25.061
asd,25.064
asd,25.066
asd,25.069
asd,25.072
asd,25.074
asd,25.077
asd,25.08
asd,25.082
asd,25.085
asd,25.087
asd,25.09
asd,25.093
asd,25.095
asd,25.098
asd,25.101
asd,25.103
asd,25.106
asd,25.108
asd,25.111
asd,25.113
asd,25.116
asd,25.119
asd,25.121
asd,25.124
asd,25.126
asd,25.129
asd,25.132
asd,25.135
asd,25.137
asd,25.14
asd,25.143
asd,25.145
asd,25.148
asd,25.151
asd,25.153
asd,25.156
asd,25.158
asd,25.161
asd,25.164
asd,25.166
asd,25.169
asd,25.171
asd,25.174
asd,25.176
asd,25.179
asd,25.181
asd,25.184
asd,25.186
asd,25.189
asd,25.192
asd,25.195
asd,25.197
asd,25.2
asd,25.203
asd,25.206
asd,25.208
asd,25.211
asd,25.214
asd,25.216
asd,25.219
asd,25.221
asd,25.224
asd,25.226
asd,25.229
asd,25.232
asd,25.234
asd,25.237
asd,25.239
asd,25.242
asd,25.244
asd,25.247
asd,25.25
asd,25.252
asd,25.255
asd,25.257
asd,25.26
asd,25.262
asd,25.265
asd,25.267
asd,25.27
asd,25.273
asd,25.275
asd,25.278
asd,25.28
asd,25.283
asd,25.286
asd,25.288
asd,25.291
asd,25.293
asd,25.296
asd,25.299
asd,25.301
asd,25.304
asd,25.306
asd,25.309
asd,25.312
asd,25.315
asd,25.317
asd,25.32
asd,25.323
asd,25.325
asd,25.328
asd,25.331
asd,25.333
asd,25.336
asd,25.339
asd,25.341
asd,25.344
asd,25.346
asd,25.349
asd,25.352
asd,25.355
asd,25.357
asd,25.36
asd,25.362
asd,25.365
asd,25.367
asd,25.37
asd,25.372
asd,25.375
asd,25.378
asd,25.38
asd,25.383
asd,25.386
asd,25.388
asd,25.391
asd,25.394
asd,25.396
asd,25.399
asd,25.401
asd,25.404
asd,25.407
asd,25.409
asd,25.412
asd,25.414
asd,25.417
asd,25.419
asd,25.422
asd,25.425
asd,25.427
asd,25.43
asd,25.432
asd,25.435
asd,25.438
asd,25.44
asd,25.443
asd,25.445
asd,25.448
asd,25.451
asd,25.453
asd,25.456
asd,25.459
asd,25.461
asd,25.464
asd,25.466
asd,25.469
asd,25.471
asd,25.474
asd,25.476
asd,25.479
asd,25.482
asd,25.484
asd,25.487
asd,25.49
asd,25.492
asd,25.495
asd,25.497
asd,25.5
asd,25.503
asd,25.505
asd,25.508
asd,25.51
asd,25.513
asd,25.515
asd,25.518
asd,25.52
asd,25.523
asd,25.525
asd,25.528
asd,25.531
asd,25.533
asd,25.536
asd,25.539
asd,25.541
asd,25.544
asd,25.547
asd,25.549
asd,25.552
asd,25.555
asd,25.558
asd,25.56
asd,25.563
asd,25.565
asd,25.568
asd,25.57
asd,25.573
asd,25.575
asd,25.578
asd,25.581
asd,25.584
asd,25.586
asd,25.589
asd,25.591
asd,25.594
asd,25.597
asd,25.599
asd,25.602
asd,25.604
asd,25.607
asd,25.609
asd,25.612
asd,25.615
asd,25.617
asd,25.62
asd,25.622
asd,25.625
asd,25.628
asd,25.63
asd,25.633
asd,25.636
asd,25.638
asd,25.641
asd,25.644
asd,25.646
asd,25.649
asd,25.652
asd,25.654
asd,25.657
asd,25.66
asd,25.662
asd,25.665
asd,25.667
asd,25.67
asd,25.672
asd,25.675
asd,25.678
asd,25.68
asd,25.683
asd,25.686
asd,25.689
asd,25.691
asd,25.693
asd,25.696
asd,25.699
asd,25.702
asd,25.704
asd,25.707
asd,25.709
asd,25.712
asd,25.714
asd,25.717
asd,25.719
asd,25.722
asd,25.725
asd,25.728
asd,25.73
asd,25.733
asd,25.736
asd,25.739
asd,25.741
asd,25.744
asd,25.746
asd,25.748
asd,25.752
asd,25.754
asd,25.757
asd,25.759
asd,25.762
asd,25.765
asd,25.769
asd,25.771
asd,25.774
asd,25.777
asd,25.779
asd,25.782
asd,25.785
asd,25.787
asd,25.79
asd,25.793
asd,25.795
asd,25.798
asd,25.801
asd,25.803
asd,25.806
asd,25.809
asd,25.811
asd,25.814
asd,25.816
asd,25.819
asd,25.822
asd,25.825
asd,25.827
asd,25.83
asd,25.833
asd,25.835
asd,25.838
asd,25.841
asd,25.843
asd,25.846
asd,25.848
asd,25.851
asd,25.853
asd,25.856
asd,25.859
asd,25.861
asd,25.864
asd,25.867
asd,25.869
asd,25.872
asd,25.874
asd,25.877
asd,25.88
asd,25.882
asd,25.885
asd,25.887
asd,25.89
asd,25.892
asd,25.895
asd,25.897
asd,25.9
asd,25.902
asd,25.905
asd,25.907
asd,25.91
asd,25.913
asd,25.915
asd,25.918
asd,25.92
asd,25.923
asd,25.926
asd,25.928
asd,25.931
asd,25.934
asd,25.936
asd,25.939
asd,25.942
asd,25.944
asd,25.947
asd,25.949
asd,25.952
asd,25.954
asd,25.957
asd,25.959
asd,25.962
asd,25.964
asd,25.967
asd,25.97
asd,25.972
asd,25.975
asd,25.978
asd,25.981
asd,25.983
asd,25.986
asd,25.995
asd,25.998
asd,26.0
asd,26.003
asd,26.006
asd,26.009
asd,26.011
asd,26.014
asd,26.016
asd,26.019
asd,26.021
asd,26.024
asd,26.026
asd,26.029
asd,26.032
asd,26.035
asd,26.037
asd,26.04
asd,26.043
asd,26.046
asd,26.049
asd,26.051
asd,26.054
asd,26.057
asd,26.06
asd,26.063
asd,26.065
asd,26.068
asd,26.071
asd,26.074
asd,26.077
asd,26.079
asd,26.082
asd,26.084
asd,26.087
asd,26.09
asd,26.092
asd,26.095
asd,26.097
asd,26.1
asd,26.103
asd,26.105
asd,26.108
asd,26.11
asd,26.113
asd,26.116
asd,26.118
asd,26.121
asd,26.123
asd,26.126
asd,26.129
asd,26.131
asd,26.134
asd,26.137
asd,26.139
asd,26.142
asd,26.144
asd,26.147
asd,26.149
asd,26.152
asd,26.155
asd,26.157
asd,26.16
asd,26.162
asd,26.165
asd,26.168
asd,26.17
asd,26.173
asd,26.175
asd,26.178
asd,26.181
asd,26.183
asd,26.186
asd,26.188
asd,26.191
asd,26.193
asd,26.196
asd,26.199
asd,26.201
asd,26.204
asd,26.206
asd,26.209
asd,26.211
asd,26.214
asd,26.216
asd,26.219
asd,26.222
asd,26.224
asd,26.227
asd,26.229
asd,26.232
asd,26.235
asd,26.237
asd,26.24
asd,26.243
asd,26.246
asd,26.248
asd,26.251
asd,26.253
asd,26.256
asd,26.258
asd,26.261
asd,26.263
asd,26.266
asd,26.268
asd,26.271
asd,26.274
asd,26.276
asd,26.279
asd,26.281
asd,26.284
asd,26.286
asd,26.289
asd,26.291
asd,26.294
asd,26.296
asd,26.299
asd,26.301
asd,26.304
asd,26.307
asd,26.309
asd,26.312
asd,26.315
asd,26.317
asd,26.32
asd,26.322
asd,26.325
asd,26.328
asd,26.33
asd,26.333
asd,26.335
asd,26.338
asd,26.34
asd,26.343
asd,26.346
asd,26.348
asd,26.351
asd,26.354
asd,26.356
asd,26.359
asd,26.362
asd,26.364
asd,26.367
asd,26.37
asd,26.372
asd,26.375
asd,26.377
asd,26.38
asd,26.382
asd,26.385
asd,26.387
asd,26.39
asd,26.393
asd,26.395
asd,26.398
asd,26.4
asd,26.403
asd,26.405
asd,26.408
asd,26.41
asd,26.413
asd,26.415
asd,26.418
asd,26.42
asd,26.423
asd,26.425
asd,26.428
asd,26.43
asd,26.433
asd,26.435
asd,26.438
asd,26.44
asd,26.443
asd,26.446
asd,26.448
asd,26.451
asd,26.453
asd,26.456
asd,26.458
asd,26.461
asd,26.463
asd,26.466
asd,26.469
asd,26.471
asd,26.474
asd,26.476
asd,26.479
asd,26.482
asd,26.484
asd,26.487
asd,26.489
asd,26.492
asd,26.494
asd,26.497
asd,26.499
asd,26.501
asd,26.504
asd,26.506
asd,26.508
asd,26.511
asd,26.513
asd,26.515
asd,26.518
asd,26.52
asd,26.522
asd,26.525
asd,26.527
asd,26.529
asd,26.531
asd,26.534
asd,26.536
asd,26.538
asd,26.541
asd,26.543
asd,26.545
asd,26.548
asd,26.55
asd,26.552
asd,26.555
asd,26.557
asd,26.559
asd,26.562
asd,26.564
asd,26.567
asd,26.569
asd,26.571
asd,26.574
asd,26.576
asd,26.579
asd,26.581
asd,26.583
asd,26.586
asd,26.588
asd,26.591
asd,26.593
asd,26.595
asd,26.598
asd,26.6
asd,26.602
asd,26.605
asd,26.607
asd,26.61
asd,26.612
asd,26.614
asd,26.617
asd,26.619
asd,26.622
asd,26.624
asd,26.627
asd,26.629
asd,26.632
asd,26.635
asd,26.637
asd,26.64
asd,26.642
asd,26.645
asd,26.648
asd,26.65
asd,26.652
asd,26.655
asd,26.657
asd,26.66
asd,26.662
asd,26.665
asd,26.667
asd,26.669
asd,26.672
asd,26.675
asd,26.677
asd,26.68
asd,26.682
asd,26.685
asd,26.688
asd,26.691
asd,26.693
asd,26.696
asd,26.698
asd,26.701
asd,26.704
asd,26.706
asd,26.708
asd,26.711
asd,26.713
asd,26.716
asd,26.718
asd,26.72
asd,26.723
asd,26.725
asd,26.727
asd,26.73
asd,26.732
asd,26.734
asd,26.737
asd,26.739
asd,26.741
asd,26.744
asd,26.746
asd,26.748
asd,26.751
asd,26.753
asd,26.755
asd,26.757
asd,26.76
asd,26.762
asd,26.764
asd,26.767
asd,26.769
asd,26.771
asd,26.774
asd,26.776
asd,26.778
asd,26.781
asd,26.783
asd,26.785
asd,26.787
asd,26.79
asd,26.792
asd,26.794
asd,26.797
asd,26.799
asd,26.801
asd,26.804
asd,26.806
asd,26.808
asd,26.81
asd,26.813
asd,26.816
asd,26.819
asd,26.822
asd,26.824
asd,26.827
asd,26.83
asd,26.832
asd,26.835
asd,26.838
asd,26.841
asd,26.844
asd,26.847
asd,26.849
asd,26.852
asd,26.855
asd,26.857
asd,26.86
asd,26.863
asd,26.867
asd,26.87
asd,26.874
asd,26.877
asd,26.879
asd,26.882
asd,26.884
asd,26.887
asd,26.889
asd,26.892
asd,26.894
asd,26.896
asd,26.899
asd,26.901
asd,26.904
asd,26.906
asd,26.909
asd,26.911
asd,26.914
asd,26.916
asd,26.918
asd,26.921
asd,26.923
asd,26.926
asd,26.928
asd,26.931
asd,26.933
asd,26.936
asd,26.938
asd,26.941
asd,26.943
asd,26.945
asd,26.947
asd,26.95
asd,26.952
asd,26.954
asd,26.957
asd,26.959
asd,26.961
asd,26.964
asd,26.966
asd,26.968
asd,26.97
asd,26.973
asd,26.975
asd,26.977
asd,26.98
asd,26.982
asd,26.984
asd,26.986
asd,26.989
asd,26.991
asd,26.993
asd,26.996
asd,26.998
asd,27.0
asd,27.003
asd,27.005
asd,27.008
asd,27.01
asd,27.012
asd,27.014
asd,27.017
asd,27.019
asd,27.021
asd,27.024
asd,27.026
asd,27.028
asd,27.031
asd,27.033
asd,27.035
asd,27.038
asd,27.04
asd,27.043
asd,27.045
asd,27.048
asd,27.05
asd,27.053
asd,27.055
asd,27.058
asd,27.06
asd,27.063
asd,27.065
asd,27.067
asd,27.07
asd,27.072
asd,27.075
asd,27.077
asd,27.08
asd,27.082
asd,27.084
asd,27.087
asd,27.089
asd,27.092
asd,27.094
asd,27.096
asd,27.099
asd,27.101
asd,27.104
asd,27.106
asd,27.108
asd,27.111
asd,27.113
asd,27.115
asd,27.118
asd,27.12
asd,27.122
asd,27.125
asd,27.127
asd,27.129
asd,27.132
asd,27.134
asd,27.136
asd,27.139
asd,27.141
asd,27.144
asd,27.146
asd,27.149
asd,27.151
asd,27.154
asd,27.156
asd,27.158
asd,27.161
asd,27.163
asd,27.166
asd,27.168
asd,27.17
asd,27.173
asd,27.175
asd,27.177
asd,27.18
asd,27.182
asd,27.184
asd,27.186
asd,27.189
asd,27.191
asd,27.194
asd,27.196
asd,27.198
asd,27.201
asd,27.203
asd,27.205
asd,27.208
asd,27.21
asd,27.213
asd,27.215
asd,27.217
asd,27.22
asd,27.222
asd,27.224
asd,27.227
asd,27.229
asd,27.231
asd,27.234
asd,27.236
asd,27.238
asd,27.24
asd,27.243
asd,27.245
asd,27.247
asd,27.25
asd,27.252
asd,27.254
asd,27.257
asd,27.259
asd,27.261
asd,27.264
asd,27.266
asd,27.268
asd,27.271
asd,27.273
asd,27.275
asd,27.278
asd,27.28
asd,27.282
asd,27.284
asd,27.287
asd,27.289
asd,27.291
asd,27.294
asd,27.296
asd,27.298
asd,27.301
asd,27.303
asd,27.305
asd,27.308
asd,27.31
asd,27.312
asd,27.315
asd,27.317
asd,27.319
asd,27.322
asd,27.324
asd,27.326
asd,27.329
asd,27.331
asd,27.333
asd,27.335
asd,27.338
asd,27.34
asd,27.343
asd,27.345
asd,27.347
asd,27.35
asd,27.352
asd,27.356
asd,27.358
asd,27.361
asd,27.363
asd,27.365
asd,27.368
asd,27.37
asd,27.372
asd,27.375
asd,27.377
asd,27.379
asd,27.382
asd,27.384
asd,27.386
asd,27.389
asd,27.391
asd,27.393
asd,27.396
asd,27.398
asd,27.4
asd,27.403
asd,27.405
asd,27.407
asd,27.41
asd,27.412
asd,27.414
asd,27.417
asd,27.419
asd,27.421
asd,27.424
asd,27.426
asd,27.428
asd,27.431
asd,27.433
asd,27.435
asd,27.438
asd,27.44
asd,27.442
asd,27.445
asd,27.447
asd,27.45
asd,27.452
asd,27.454
asd,27.457
asd,27.459
asd,27.461
asd,27.464
asd,27.466
asd,27.468
asd,27.471
asd,27.473
asd,27.475
asd,27.477
asd,27.48
asd,27.482
asd,27.484
asd,27.487
asd,27.489
asd,27.491
asd,27.494
asd,27.496
asd,27.498
asd,27.501
asd,27.503
asd,27.505
asd,27.508
asd,27.51
asd,27.513
asd,27.515
asd,27.517
asd,27.519
asd,27.522
asd,27.524
asd,27.527
asd,27.529
asd,27.531
asd,27.533
asd,27.536
asd,27.538
asd,27.54
asd,27.543
asd,27.545
asd,27.547
asd,27.55
asd,27.552
asd,27.554
asd,27.557
asd,27.559
asd,27.561
asd,27.564
asd,27.566
asd,27.568
asd,27.571
asd,27.573
asd,27.575
asd,27.578
asd,27.58
asd,27.582
asd,27.585
asd,27.587
asd,27.589
asd,27.592
asd,27.594
asd,27.596
asd,27.599
asd,27.601
asd,27.603
asd,27.606
asd,27.608
asd,27.61
asd,27.612
asd,27.615
asd,27.617
asd,27.619
asd,27.622
asd,27.624
asd,27.626
asd,27.629
asd,27.631
asd,27.633
asd,27.636
asd,27.638
asd,27.64
asd,27.642
asd,27.645
asd,27.647
asd,27.649
asd,27.652
asd,27.654
asd,27.656
asd,27.658
asd,27.661
asd,27.663
asd,27.665
asd,27.668
asd,27.67
asd,27.672
asd,27.675
asd,27.677
asd,27.679
asd,27.681
asd,27.684
asd,27.686
asd,27.688
asd,27.691
asd,27.693
asd,27.695
asd,27.697
asd,27.7
asd,27.702
asd,27.705
asd,27.707
asd,27.709
asd,27.712
asd,27.714
asd,27.716
asd,27.719
asd,27.721
asd,27.723
asd,27.726
asd,27.728
asd,27.73
asd,27.732
asd,27.735
asd,27.737
asd,27.74
asd,27.742
asd,27.744
asd,27.746
asd,27.749
asd,27.751
asd,27.753
asd,27.755
asd,27.758
asd,27.76
asd,27.762
asd,27.765
asd,27.767
asd,27.769
asd,27.772
asd,27.774
asd,27.776
asd,27.779
asd,27.781
asd,27.783
asd,27.785
asd,27.788
asd,27.79
asd,27.792
asd,27.795
asd,27.797
asd,27.799
asd,27.802
asd,27.804
asd,27.806
asd,27.809
asd,27.811
asd,27.813
asd,27.815
asd,27.818
asd,27.82
asd,27.823
asd,27.825
asd,27.827
asd,27.83
asd,27.832
asd,27.834
asd,27.836
asd,27.839
asd,27.841
asd,27.843
asd,27.846
asd,27.848
asd,27.85
asd,27.853
asd,27.855
asd,27.857
asd,27.86
asd,27.862
asd,27.864
asd,27.866
asd,27.869
asd,27.871
asd,27.873
asd,27.876
asd,27.878
asd,27.881
asd,27.883
asd,27.885
asd,27.888
asd,27.89
asd,27.892
asd,27.895
asd,27.897
asd,27.899
asd,27.902
asd,27.904
asd,27.906
asd,27.909
asd,27.911
asd,27.914
asd,27.916
asd,27.918
asd,27.921
asd,27.923
asd,27.925
asd,27.928
asd,27.93
asd,27.933
asd,27.935
asd,27.938
asd,27.941
asd,27.943
asd,27.945
asd,27.948
asd,27.95
asd,27.952
asd,27.955
asd,27.957
asd,27.959
asd,27.961
asd,27.964
asd,27.966
asd,27.968
asd,27.971
asd,27.973
asd,27.976
asd,27.978
asd,27.98
asd,27.983
asd,27.985
asd,27.987
asd,27.99
asd,27.992
asd,27.994
asd,27.997
asd,27.999
asd,28.001
asd,28.004
asd,28.006
asd,28.008
asd,28.011
asd,28.013
asd,28.015
asd,28.018
asd,28.02
asd,28.022
asd,28.024
asd,28.027
asd,28.029
asd,28.031
asd,28.034
asd,28.036
asd,28.038
asd,28.041
asd,28.043
asd,28.045
asd,28.048
asd,28.05
asd,28.052
asd,28.055
asd,28.057
asd,28.059
asd,28.062
asd,28.064
asd,28.066
asd,28.068
asd,28.071
asd,28.073
asd,28.076
asd,28.078
asd,28.081
asd,28.083
asd,28.085
asd,28.088
asd,28.09
asd,28.092
asd,28.094
asd,28.097
asd,28.099
asd,28.101
asd,28.104
asd,28.106
asd,28.108
asd,28.111
asd,28.113
asd,28.115
asd,28.118
asd,28.12
asd,28.122
asd,28.125
asd,28.127
asd,28.129
asd,28.131
asd,28.134
asd,28.136
asd,28.138
asd,28.141
asd,28.143
asd,28.145
asd,28.148
asd,28.15
asd,28.152
asd,28.155
asd,28.157
asd,28.159
asd,28.162
asd,28.164
asd,28.167
asd,28.169
asd,28.171
asd,28.174
asd,28.176
asd,28.178
asd,28.181
asd,28.183
asd,28.186
asd,28.188
asd,28.19
asd,28.193
asd,28.195
asd,28.197
asd,28.199
asd,28.202
asd,28.204
asd,28.206
asd,28.209
asd,28.211
asd,28.213
asd,28.216
asd,28.218
asd,28.22
asd,28.223
asd,28.225
asd,28.227
asd,28.231
asd,28.234
asd,28.236
asd,28.239
asd,28.241
asd,28.243
asd,28.246
asd,28.248
asd,28.25
asd,28.253
asd,28.255
asd,28.257
asd,28.26
asd,28.262
asd,28.264
asd,28.266
asd,28.269
asd,28.271
asd,28.273
asd,28.275
asd,28.278
asd,28.28
asd,28.282
asd,28.285
asd,28.287
asd,28.289
asd,28.292
asd,28.294
asd,28.296
asd,28.299
asd,28.301
asd,28.303
asd,28.305
asd,28.308
asd,28.31
asd,28.312
asd,28.315
asd,28.317
asd,28.319
asd,28.322
asd,28.324
asd,28.326
asd,28.329
asd,28.331
asd,28.333
asd,28.335
asd,28.338
asd,28.34
asd,28.342
asd,28.345
asd,28.347
asd,28.349
asd,28.352
asd,28.354
asd,28.356
asd,28.359
asd,28.361
asd,28.363
asd,28.366
asd,28.368
asd,28.37
asd,28.372
asd,28.375
asd,28.377
asd,28.379
asd,28.382
asd,28.384
asd,28.386
asd,28.389
asd,28.391
asd,28.393
asd,28.396
asd,28.398
asd,28.4
asd,28.403
asd,28.405
asd,28.407
asd,28.41
asd,28.412
asd,28.414
asd,28.417
asd,28.419
ads,22.15
ads,22.154
ads,22.157
ads,22.159
ads,22.162
ads,22.165
ads,22.168
ads,22.171
ads,22.174
ads,22.177
ads,22.181
ads,22.184
ads,22.186
ads,22.19
ads,22.193
ads,22.196
ads,22.199
ads,22.202
ads,22.205
ads,22.207
ads,22.21
ads,22.213
ads,22.217
ads,22.22
ads,22.222
ads,22.225
ads,22.228
ads,22.231
ads,22.234
ads,22.237
ads,22.24
ads,22.244
ads,22.247
ads,22.25
ads,22.252
ads,22.255
ads,22.259
ads,22.262
ads,22.264
ads,22.267
ads,22.271
ads,22.274
ads,22.276
ads,22.279
ads,22.283
ads,22.285
ads,22.288
ads,22.291
ads,22.295
ads,22.298
ads,22.301
ads,22.304
ads,22.306
ads,22.31
ads,22.313
ads,22.316
ads,22.318
ads,22.322
ads,22.324
ads,22.327
ads,22.33
ads,22.333
ads,22.337
ads,22.341
ads,22.344
ads,22.347
ads,22.35
ads,22.353
ads,22.356
ads,22.359
ads,22.363
ads,22.366
ads,22.369
ads,22.372
ads,22.376
ads,22.379
ads,22.382
ads,22.385
ads,22.388
ads,22.391
ads,22.394
ads,22.396
ads,22.399
ads,22.403
ads,22.406
ads,22.409
ads,22.412
ads,22.415
ads,22.418
ads,22.421
ads,22.424
ads,22.427
ads,22.43
ads,22.433
ads,22.436
ads,22.439
ads,22.442
ads,22.445
ads,22.448
ads,22.451
ads,22.454
ads,22.458
ads,22.461
ads,22.464
ads,22.467
ads,22.47
ads,22.474
ads,22.476
ads,22.479
ads,22.483
ads,22.486
ads,22.489
ads,22.491
ads,22.494
ads,22.498
ads,22.501
ads,22.504
ads,22.506
ads,22.509
ads,22.513
ads,22.516
ads,22.518
ads,22.521
ads,22.524
ads,22.526
ads,22.528
ads,22.531
ads,22.534
ads,22.537
ads,22.54
ads,22.542
ads,22.545
ads,22.548
ads,22.55
ads,22.553
ads,22.555
ads,22.558
ads,22.561
ads,22.563
ads,22.566
ads,22.568
ads,22.571
ads,22.574
ads,22.577
ads,22.579
ads,22.582
ads,22.585
ads,22.588
ads,22.59
ads,22.593
ads,22.595
ads,22.598
ads,22.6
ads,22.603
ads,22.605
ads,22.608
ads,22.61
ads,22.613
ads,22.616
ads,22.619
ads,22.621
ads,22.623
ads,22.626
ads,22.628
ads,22.631
ads,22.633
ads,22.636
ads,22.638
ads,22.641
ads,22.644
ads,22.647
ads,22.649
ads,22.652
ads,22.655
ads,22.658
ads,22.661
ads,22.663
ads,22.666
ads,22.669
ads,22.672
ads,22.674
ads,22.678
ads,22.681
ads,22.685
ads,22.688
ads,22.691
ads,22.695
ads,22.699
ads,22.702
ads,22.705
ads,22.709
ads,22.712
ads,22.716
ads,22.719
ads,22.722
ads,22.726
ads,22.729
ads,22.732
ads,22.735
ads,22.738
ads,22.742
ads,22.745
ads,22.749
ads,22.752
ads,22.756
ads,22.759
ads,22.763
ads,22.767
ads,22.77
ads,22.773
ads,22.776
ads,22.779
ads,22.782
ads,22.785
ads,22.788
ads,22.792
ads,22.795
ads,22.798
ads,22.801
ads,22.804
ads,22.807
ads,22.81
ads,22.813
ads,22.817
ads,22.82
ads,22.822
ads,22.825
ads,22.829
ads,22.832
ads,22.835
ads,22.837
ads,22.84
ads,22.843
ads,22.846
ads,22.849
ads,22.852
ads,22.855
ads,22.858
ads,22.86
ads,22.863
ads,22.865
ads,22.869
ads,22.871
ads,22.874
ads,22.877
ads,22.879
ads,22.883
ads,22.886
ads,22.889
ads,22.891
ads,22.894
ads,22.897
ads,22.9
ads,22.902
ads,22.905
ads,22.907
ads,22.91
ads,22.912
ads,22.915
ads,22.918
ads,22.921
ads,22.924
ads,22.927
ads,22.929
ads,22.932
ads,22.934
ads,22.937
ads,22.94
ads,22.942
ads,22.945
ads,22.948
ads,22.951
ads,22.953
ads,22.956
ads,22.958
ads,22.961
ads,22.964
ads,22.967
ads,22.969
ads,22.972
ads,22.974
ads,22.977
ads,22.98
ads,22.982
ads,22.985
ads,22.988
ads,22.991
ads,22.993
ads,22.996
ads,22.999
ads,23.001
ads,23.004
ads,23.007
ads,23.009
ads,23.012
ads,23.015
ads,23.017
ads,23.02
ads,23.022
ads,23.025
ads,23.028
ads,23.03
ads,23.033
ads,23.035
ads,23.038
ads,23.041
ads,23.044
ads,23.047
ads,23.049
ads,23.052
ads,23.055
ads,23.057
ads,23.06
ads,23.063
ads,23.065
ads,23.068
ads,23.071
ads,23.073
ads,23.076
ads,23.078
ads,23.081
ads,23.084
ads,23.086
ads,23.089
ads,23.091
ads,23.094
ads,23.097
ads,23.099
ads,23.102
ads,23.105
ads,23.108
ads,23.111
ads,23.114
ads,23.117
ads,23.12
ads,23.124
ads,23.127
ads,23.13
ads,23.133
ads,23.136
ads,23.139
ads,23.142
ads,23.145
ads,23.148
ads,23.151
ads,23.154
ads,23.158
ads,23.162
ads,23.165
ads,23.168
ads,23.171
ads,23.174
ads,23.177
ads,23.18
ads,23.182
ads,23.185
ads,23.188
ads,23.192
ads,23.194
ads,23.197
ads,23.2
ads,23.203
ads,23.206
ads,23.208
ads,23.21
ads,23.213
ads,23.216
ads,23.219
ads,23.222
ads,23.224
ads,23.226
ads,23.229
ads,23.232
ads,23.234
ads,23.237
ads,23.239
ads,23.242
ads,23.245
ads,23.247
ads,23.25
ads,23.252
ads,23.256
ads,23.259
ads,23.262
ads,23.264
ads,23.267
ads,23.27
ads,23.272
ads,23.275
ads,23.278
ads,23.28
ads,23.284
ads,23.287
ads,23.29
ads,23.292
ads,23.296
ads,23.299
ads,23.302
ads,23.304
ads,23.307
ads,23.31
ads,23.313
ads,23.316
ads,23.319
ads,23.322
ads,23.324
ads,23.327
ads,23.33
ads,23.332
ads,23.335
ads,23.338
ads,23.341
ads,23.343
ads,23.346
ads,23.35
ads,23.352
ads,23.355
ads,23.358
ads,23.361
ads,23.364
ads,23.367
ads,23.369
ads,23.372
ads,23.375
ads,23.378
ads,23.38
ads,23.383
ads,23.386
ads,23.389
ads,23.392
ads,23.394
ads,23.397
ads,23.4
ads,23.402
ads,23.405
ads,23.408
ads,23.411
ads,23.413
ads,23.416
ads,23.418
ads,23.421
ads,23.423
ads,23.426
ads,23.429
ads,23.431
ads,23.433
ads,23.436
ads,23.438
ads,23.441
ads,23.444
ads,23.446
ads,23.449
ads,23.452
ads,23.455
ads,23.457
ads,23.46
ads,23.462
ads,23.465
ads,23.467
ads,23.47
ads,23.473
ads,23.476
ads,23.478
ads,23.481
ads,23.484
ads,23.487
ads,23.49
ads,23.492
ads,23.495
ads,23.497
ads,23.5
ads,23.502
ads,23.505
ads,23.508
ads,23.511
ads,23.513
ads,23.516
ads,23.518
ads,23.522
ads,23.525
ads,23.528
ads,23.53
ads,23.533
ads,23.536
ads,23.539
ads,23.541
ads,23.544
ads,23.546
ads,23.549
ads,23.552
ads,23.555
ads,23.558
ads,23.56
ads,23.563
ads,23.566
ads,23.569
ads,23.572
ads,23.575
ads,23.578
ads,23.581
ads,23.583
ads,23.586
ads,23.59
ads,23.593
ads,23.596
ads,23.598
ads,23.601
ads,23.604
ads,23.607
ads,23.61
ads,23.613
ads,23.617
ads,23.62
ads,23.623
ads,23.626
ads,23.629
ads,23.632
ads,23.635
ads,23.638
ads,23.64
ads,23.643
ads,23.646
ads,23.648
ads,23.651
ads,23.654
ads,23.657
ads,23.659
ads,23.662
ads,23.664
ads,23.667
ads,23.67
ads,23.673
ads,23.675
ads,23.678
ads,23.68
ads,23.683
ads,23.686
ads,23.689
ads,23.691
ads,23.694
ads,23.697
ads,23.7
ads,23.703
ads,23.706
ads,23.709
ads,23.712
ads,23.715
ads,23.718
ads,23.72
ads,23.723
ads,23.726
ads,23.729
ads,23.732
ads,23.735
ads,23.737
ads,23.74
ads,23.743
ads,23.746
ads,23.749
ads,23.751
ads,23.754
ads,23.756
ads,23.759
ads,23.762
ads,23.765
ads,23.768
ads,23.771
ads,23.773
ads,23.776
ads,23.779
ads,23.781
ads,23.784
ads,23.786
ads,23.789
ads,23.792
ads,23.794
ads,23.797
ads,23.8
ads,23.803
ads,23.806
ads,23.809
ads,23.811
ads,23.815
ads,23.818
ads,23.821
ads,23.824
ads,23.827
ads,23.83
ads,23.833
ads,23.836
ads,23.838
ads,23.842
ads,23.845
ads,23.847
ads,23.85
ads,23.853
ads,23.857
ads,23.86
ads,23.863
ads,23.866
ads,23.869
ads,23.872
ads,23.875
ads,23.878
ads,23.881
ads,23.884
ads,23.887
ads,23.89
ads,23.892
ads,23.895
ads,23.898
ads,23.901
ads,23.904
ads,23.906
ads,23.909
ads,23.912
ads,23.914
ads,23.917
ads,23.919
ads,23.922
ads,23.926
ads,23.928
ads,23.931
ads,23.933
ads,23.936
ads,23.939
ads,23.942
ads,23.945
ads,23.947
ads,23.95
ads,23.953
ads,23.956
ads,23.958
ads,23.961
ads,23.964
ads,23.967
ads,23.969
ads,23.972
ads,23.975
ads,23.977
ads,23.98
ads,23.983
ads,23.986
ads,23.989
ads,23.992
ads,23.995
ads,23.998
ads,24.001
ads,24.004
ads,24.006
ads,24.009
ads,24.012
ads,24.015
ads,24.018
ads,24.021
ads,24.023
ads,24.026
ads,24.029
ads,24.031
ads,24.034
ads,24.037
ads,24.039
ads,24.043
ads,24.046
ads,24.049
ads,24.051
ads,24.054
ads,24.057
ads,24.059
ads,24.062
ads,24.065
ads,24.068
ads,24.071
ads,24.073
ads,24.076
ads,24.079
ads,24.082
ads,24.085
ads,24.088
ads,24.09
ads,24.093
ads,24.097
ads,24.1
ads,24.103
ads,24.106
ads,24.11
ads,24.113
ads,24.116
ads,24.119
ads,24.122
ads,24.125
ads,24.129
ads,24.132
ads,24.135
ads,24.138
ads,24.141
ads,24.144
ads,24.147
ads,24.15
ads,24.153
ads,24.156
ads,24.159
ads,24.162
ads,24.165
ads,24.168
ads,24.171
ads,24.174
ads,24.177
ads,24.18
ads,24.183
ads,24.186
ads,24.189
ads,24.192
ads,24.195
ads,24.198
ads,24.201
ads,24.204
ads,24.207
ads,24.211
ads,24.214
ads,24.217
ads,24.22
ads,24.222
ads,24.225
ads,24.228
ads,24.231
ads,24.234
ads,24.237
ads,24.24
ads,24.244
ads,24.247
ads,24.25
ads,24.252
ads,24.256
ads,24.259
ads,24.262
ads,24.264
ads,24.267
ads,24.27
ads,24.273
ads,24.275
ads,24.278
ads,24.282
ads,24.284
ads,24.287
ads,24.29
ads,24.293
ads,24.296
ads,24.299
ads,24.301
ads,24.305
ads,24.308
ads,24.311
ads,24.314
ads,24.317
ads,24.319
ads,24.323
ads,24.325
ads,24.328
ads,24.331
ads,24.334
ads,24.337
ads,24.34
ads,24.343
ads,24.346
ads,24.348
ads,24.351
ads,24.355
ads,24.358
ads,24.361
ads,24.364
ads,24.368
ads,24.371
ads,24.374
ads,24.377
ads,24.38
ads,24.383
ads,24.386
ads,24.389
ads,24.392
ads,24.395
ads,24.398
ads,24.402
ads,24.404
ads,24.407
ads,24.41
ads,24.413
ads,24.416
ads,24.419
ads,24.422
ads,24.425
ads,24.427
ads,24.431
ads,24.435
ads,24.439
ads,24.441
ads,24.444
ads,24.446
ads,24.449
ads,24.452
ads,24.456
ads,24.459
ads,24.462
ads,24.465
ads,24.469
ads,24.472
ads,24.475
ads,24.478
ads,24.481
ads,24.485
ads,24.488
ads,24.491
ads,24.494
ads,24.498
ads,24.502
ads,24.505
ads,24.508
ads,24.511
ads,24.514
ads,24.517
ads,24.52
ads,24.523
ads,24.526
ads,24.529
ads,24.532
ads,24.536
ads,24.539
ads,24.542
ads,24.545
ads,24.548
ads,24.551
ads,24.554
ads,24.557
ads,24.56
ads,24.563
ads,24.567
ads,24.57
ads,24.573
ads,24.576
ads,24.579
ads,24.582
ads,24.585
ads,24.588
ads,24.591
ads,24.594
ads,24.597
ads,24.6
ads,24.603
ads,24.606
ads,24.61
ads,24.613
ads,24.617
ads,24.619
ads,24.622
ads,24.625
ads,24.628
ads,24.631
ads,24.634
ads,24.636
ads,24.639
ads,24.642
ads,24.645
ads,24.648
ads,24.65
ads,24.653
ads,24.656
ads,24.659
ads,24.662
ads,24.665
ads,24.668
ads,24.671
ads,24.674
ads,24.677
ads,24.679
ads,24.682
ads,24.685
ads,24.688
ads,24.69
ads,24.693
ads,24.696
ads,24.699
ads,24.701
ads,24.704
ads,24.707
ads,24.71
ads,24.713
ads,24.715
ads,24.718
ads,24.721
ads,24.724
ads,24.726
ads,24.729
ads,24.732
ads,24.736
ads,24.738
ads,24.741
ads,24.744
ads,24.747
ads,24.75
ads,24.754
ads,24.756
ads,24.759
ads,24.762
ads,24.765
ads,24.768
ads,24.77
ads,24.773
ads,24.776
ads,24.779
ads,24.782
ads,24.785
ads,24.788
ads,24.791
ads,24.794
ads,24.796
ads,24.799
ads,24.802
ads,24.804
ads,24.807
ads,24.81
ads,24.812
ads,24.815
ads,24.818
ads,24.82
ads,24.823
ads,24.826
ads,24.829
ads,24.833
ads,24.836
ads,24.838
ads,24.841
ads,24.844
ads,24.847
ads,24.85
ads,24.853
ads,24.856
ads,24.859
ads,24.862
ads,24.864
ads,24.867
ads,24.871
ads,24.874
ads,24.876
ads,24.879
ads,24.883
ads,24.886
ads,24.889
ads,24.891
ads,24.895
ads,24.898
ads,24.901
ads,24.904
ads,24.907
ads,24.911
ads,24.914
ads,24.916
ads,24.92
ads,24.922
ads,24.925
ads,24.928
ads,24.93
ads,24.933
ads,24.936
ads,24.939
ads,24.941
ads,24.944
ads,24.947
ads,24.95
ads,24.952
ads,24.955
ads,24.957
ads,24.96
ads,24.963
ads,24.966
ads,24.969
ads,24.971
ads,24.974
ads,24.977
ads,24.98
ads,24.982
ads,24.985
ads,24.989
ads,24.992
ads,24.994
ads,24.997
ads,24.999
ads,25.003
ads,25.005
ads,25.008
ads,25.011
ads,25.013
ads,25.016
ads,25.019
ads,25.021
ads,25.024
ads,25.027
ads,25.03
ads,25.033
ads,25.036
ads,25.039
ads,25.043
ads,25.046
ads,25.049
ads,25.052
ads,25.056
ads,25.058
ads,25.061
ads,25.063
ads,25.066
ads,25.069
ads,25.072
ads,25.075
ads,25.078
ads,25.08
ads,25.083
ads,25.086
ads,25.09
ads,25.093
ads,25.096
ads,25.099
ads,25.101
ads,25.104
ads,25.107
ads,25.11
ads,25.113
ads,25.116
ads,25.119
ads,25.122
ads,25.126
ads,25.129
ads,25.131
ads,25.134
ads,25.137
ads,25.14
ads,25.143
ads,25.146
ads,25.148
ads,25.151
ads,25.153
ads,25.156
ads,25.159
ads,25.161
ads,25.164
ads,25.167
ads,25.169
ads,25.172
ads,25.175
ads,25.178
ads,25.18
ads,25.183
ads,25.186
ads,25.189
ads,25.191
ads,25.194
ads,25.197
ads,25.199
ads,25.202
ads,25.205
ads,25.207
ads,25.21
ads,25.212
ads,25.215
ads,25.218
ads,25.22
ads,25.223
ads,25.225
ads,25.228
ads,25.231
ads,25.233
ads,25.236
ads,25.239
ads,25.242
ads,25.245
ads,25.248
ads,25.25
ads,25.253
ads,25.256
ads,25.258
ads,25.261
ads,25.264
ads,25.266
ads,25.269
ads,25.272
ads,25.274
ads,25.277
ads,25.279
ads,25.282
ads,25.285
ads,25.288
ads,25.291
ads,25.293
ads,25.296
ads,25.299
ads,25.302
ads,25.304
ads,25.307
ads,25.31
ads,25.313
ads,25.316
ads,25.318
ads,25.321
ads,25.325
ads,25.328
ads,25.331
ads,25.333
ads,25.336
ads,25.339
ads,25.341
ads,25.344
ads,25.346
ads,25.349
ads,25.352
ads,25.355
ads,25.357
ads,25.36
ads,25.363
ads,25.365
ads,25.368
ads,25.37
ads,25.373
ads,25.376
ads,25.378
ads,25.381
ads,25.383
ads,25.386
ads,25.389
ads,25.391
ads,25.394
ads,25.397
ads,25.399
ads,25.402
ads,25.405
ads,25.408
ads,25.41
ads,25.413
ads,25.416
ads,25.419
ads,25.421
ads,25.424
ads,25.426
ads,25.429
